name,country,web_page,description,facultades_habilitadas
Eberhard Karls Universität Tübingen,Alemania,http://www.uni-tuebingen.de/,Intercambio disponible en Eberhard Karls Universität Tübingen para estudiantes de no especificadas.,FIUM;FDER;FHUMyE;Psicología;FCOM;FCEE
Hochschule Bonn-Rhein-Sieg,Alemania,http://www.fh-bonn-rhein-sieg.de/,Programa de intercambio con Hochschule Bonn-Rhein-Sieg. Estudiantes de: no especificadas pueden postular.,FIUM;FDER;FHUMyE;Psicología;FCOM;FCEE
Hochschule für Wirtschaft und Recht Berlin,Alemania,http://www.hwr-berlin.de/,Movilidad académica disponible en Hochschule für Wirtschaft und Recht Berlin para no especificadas.,FIUM;FDER;FHUMyE;Psicología;FCOM;FCEE
Hochschule für Wirtschaft und Umwelt Nürtingen-Geislingen,Alemania,https://www.hfwu.de/,Intercambio con Hochschule für Wirtschaft und Umwelt Nürtingen-Geislingen en Alemania. Dirigido a: no especificadas.,FIUM;FDER;FHUMyE;Psicología;FCOM;FCEE
Hochschule Osnabrück,Alemania,https://www.hs-osnabrueck.de/,Programa de intercambio con Hochschule Osnabrück. Estudiantes de: no especificadas pueden postular.,FIUM;FDER;FHUMyE;Psicología;FCOM;FCEE
Hochschule RheinMain,Alemania,http://www.hs-rm.de/,Programa de intercambio con Hochschule RheinMain. Estudiantes de: no especificadas pueden postular.,FIUM;FDER;FHUMyE;Psicología;FCOM;FCEE
Kühne Logistics University,Alemania,http://www.the-klu.org/,Intercambio con Kühne Logistics University en Alemania. Dirigido a: no especificadas.,FIUM;FDER;FHUMyE;Psicología;FCOM;FCEE
Ostbayerische Technische Hochschule Regensburg,Alemania,http://www.oth-regensburg.de/,Convenio internacional con Ostbayerische Technische Hochschule Regensburg. Facultades UM: Ingeniería (FIUM).,FIUM
Technische Universität Darmstadt,Alemania,http://www.tu-darmstadt.de/,Intercambio con Technische Universität Darmstadt en Alemania. Dirigido a: Ingeniería (FIUM).,FIUM
Technische Universität München (TUM),Alemania,https://www.tum.de/,Intercambio con Technische Universität München (TUM) en Alemania. Dirigido a: Ingeniería (FIUM).,FIUM
Universität zu Köln,Alemania,http://www.uni-koeln.de/,Estudiantes de la UM pueden realizar intercambio en Universität zu Köln (Alemania). Facultades: no especificadas.,FIUM;FDER;FHUMyE;Psicología;FCOM;FCEE
Instituto Tecnológico de Buenos Aires,Argentina,http://www.itba.edu.ar/,Instituto Tecnológico de Buenos Aires (Argentina) – acuerdo de movilidad. Facultades UM aplicables: no especificadas.,FIUM;FDER;FHUMyE;Psicología;FCOM;FCEE
Universidad Austral,Argentina,http://www.austral.edu.ar/,Acuerdo bilateral con Universidad Austral – Argentina. Áreas UM admitidas: no especificadas.,FIUM;FDER;FHUMyE;Psicología;FCOM;FCEE
Universidad Austral - Intercambios especiales (Diplomas),Argentina,https://montevideo.adv-pub.moveonca.com/report-page-1662/#,Estudiantes de la UM pueden realizar intercambio en Universidad Austral - Intercambios especiales (Diplomas) (Argentina). Facultades: no especificadas.,FIUM;FDER;FHUMyE;Psicología;FCOM;FCEE
Universidad del CEMA,Argentina,http://www.cema.edu.ar/,Intercambio con Universidad del CEMA en Argentina. Dirigido a: no especificadas.,FIUM;FDER;FHUMyE;Psicología;FCOM;FCEE
Universidad Fundación UADE,Argentina,https://montevideo.adv-pub.moveonca.com/report-page-1662/#,Universidad Fundación UADE (Argentina) – acuerdo de movilidad. Facultades UM aplicables: no especificadas.,FIUM;FDER;FHUMyE;Psicología;FCOM;FCEE
Universidad Nacional de San Juan,Argentina,http://www.unsj.edu.ar/,Universidad Nacional de San Juan (Argentina) – acuerdo de movilidad. Facultades UM aplicables: no especificadas.,FIUM;FDER;FHUMyE;Psicología;FCOM;FCEE
Universidad Torcuato di Tella,Argentina,http://www.utdt.edu.ar/,Intercambio disponible en Universidad Torcuato di Tella para estudiantes de no especificadas.,FIUM;FDER;FHUMyE;Psicología;FCOM;FCEE
SP Jain School of Global Management,Australia,https://www.spjain.edu.au/,SP Jain School of Global Management (Australia) – acuerdo de movilidad. Facultades UM aplicables: FCEE (Economía/Gestión).,FCEE
University of Melbourne,Australia,http://www.unimelb.edu.au/,Acuerdo bilateral con University of Melbourne – Australia. Áreas UM admitidas: no especificadas.,FIUM;FDER;FHUMyE;Psicología;FCOM;FCEE
University of Technology Sydney,Australia,http://www.uts.edu.au/,Convenio internacional con University of Technology Sydney. Facultades UM: Ingeniería (FIUM).,FIUM
University of Western Australia,Australia,http://www.uwa.edu.au/,Convenio internacional con University of Western Australia. Facultades UM: no especificadas.,FIUM;FDER;FHUMyE;Psicología;FCOM;FCEE
Fachhochschule Oberösterreich,Austria,http://www.fh-ooe.at/,Intercambio con Fachhochschule Oberösterreich en Austria. Dirigido a: no especificadas.,FIUM;FDER;FHUMyE;Psicología;FCOM;FCEE
Fachhochschule Wiener Neustadt,Austria,http://www.fhwn.ac.at/,Acuerdo bilateral con Fachhochschule Wiener Neustadt – Austria. Áreas UM admitidas: no especificadas.,FIUM;FDER;FHUMyE;Psicología;FCOM;FCEE
EPHEC - Ecole Pratique des Hautes Etudes Commerciales,Bélgica,http://www.ephec.be/,Estudiantes de la UM pueden realizar intercambio en EPHEC - Ecole Pratique des Hautes Etudes Commerciales (Bélgica). Facultades: no especificadas.,FIUM;FDER;FHUMyE;Psicología;FCOM;FCEE
IHECS Institut des Hautes des Communications Sociales,Bélgica,http://www.ihecs.be/,Acuerdo bilateral con IHECS Institut des Hautes des Communications Sociales – Bélgica. Áreas UM admitidas: Comunicación (FCOM).,FCOM
Thomas More Mechelen-Antwerpen,Bélgica,http://www.thomasmore.be/,Intercambio con Thomas More Mechelen-Antwerpen en Bélgica. Dirigido a: no especificadas.,FIUM;FDER;FHUMyE;Psicología;FCOM;FCEE
Universiteit Gent,Bélgica,http://www.ugent.be/,Intercambio con Universiteit Gent en Bélgica. Dirigido a: no especificadas.,FIUM;FDER;FHUMyE;Psicología;FCOM;FCEE
University of Antwerp Management School,Bélgica,https://www.antwerpmanagementschool.be/,Estudiantes de la UM pueden realizar intercambio en University of Antwerp Management School (Bélgica). Facultades: FCEE (Economía/Gestión).,FCEE
Universidad Privada de Santa Cruz de la Sierra,Bolivia,http://www.upsa.edu.bo/,Acuerdo de intercambio entre la UM y Universidad Privada de Santa Cruz de la Sierra (Bolivia). Facultades admitidas: no especificadas.,FIUM;FDER;FHUMyE;Psicología;FCOM;FCEE
Fundação Getulio Vargas – Escola de Administração de Empresas de São Paulo,Brasil,http://www.eaesp.fgvsp.br/,Intercambio disponible en Fundação Getulio Vargas – Escola de Administração de Empresas de São Paulo para estudiantes de FCEE (Economía/Gestión).,FCEE
"Instituto Brasileiro de Ensino, Desenvolvimento e Pesquisa",Brasil,https://montevideo.adv-pub.moveonca.com/report-page-1662/#,"Intercambio disponible en Instituto Brasileiro de Ensino, Desenvolvimento e Pesquisa para estudiantes de no especificadas.",FIUM;FDER;FHUMyE;Psicología;FCOM;FCEE
ISE Business School (Centro de Extensão Universitária),Brasil,https://montevideo.adv-pub.moveonca.com/report-page-1662/#,Convenio internacional con ISE Business School (Centro de Extensão Universitária). Facultades UM: FCEE (Economía/Gestión).,FCEE
Universidade de Santa Cruz do Sul (UNISC),Brasil,http://www.unisc.br/,Programa de intercambio con Universidade de Santa Cruz do Sul (UNISC). Estudiantes de: no especificadas pueden postular.,FIUM;FDER;FHUMyE;Psicología;FCOM;FCEE
Universidade de São Paulo (USP),Brasil,https://www5.usp.br/,Programa de intercambio con Universidade de São Paulo (USP). Estudiantes de: no especificadas pueden postular.,FIUM;FDER;FHUMyE;Psicología;FCOM;FCEE
Universidade do Vale do Rio dos Sinos (UNISINOS),Brasil,http://www.unisinos.br/,Convenio académico entre la Universidad de Montevideo y Universidade do Vale do Rio dos Sinos (UNISINOS) (Brasil). Facultades UM habilitadas: no especificadas.,FIUM;FDER;FHUMyE;Psicología;FCOM;FCEE
Universidade Estadual de Campinas (UNICAMP),Brasil,http://www.unicamp.br/,Convenio internacional con Universidade Estadual de Campinas (UNICAMP). Facultades UM: no especificadas.,FIUM;FDER;FHUMyE;Psicología;FCOM;FCEE
Universidade Federal de Santa Catarina,Brasil,https://www.ufsc.br/,Convenio internacional con Universidade Federal de Santa Catarina. Facultades UM: no especificadas.,FIUM;FDER;FHUMyE;Psicología;FCOM;FCEE
Memorial University of Newfoundland,Canadá,http://www.mun.ca/,Acuerdo bilateral con Memorial University of Newfoundland – Canadá. Áreas UM admitidas: no especificadas.,FIUM;FDER;FHUMyE;Psicología;FCOM;FCEE
Queen's University,Canadá,http://www.queensu.ca/,Movilidad académica disponible en Queen's University para no especificadas.,FIUM;FDER;FHUMyE;Psicología;FCOM;FCEE
University of Lethbridge,Canadá,http://www.uleth.ca/,Estudiantes de la UM pueden realizar intercambio en University of Lethbridge (Canadá). Facultades: no especificadas.,FIUM;FDER;FHUMyE;Psicología;FCOM;FCEE
Universidad de Los Andes,Chile,http://www.uandes.cl/,Convenio académico entre la Universidad de Montevideo y Universidad de Los Andes (Chile). Facultades UM habilitadas: no especificadas.,FIUM;FDER;FHUMyE;Psicología;FCOM;FCEE
Universidad Diego Portales,Chile,http://www.udp.cl/,Acuerdo bilateral con Universidad Diego Portales – Chile. Áreas UM admitidas: no especificadas.,FIUM;FDER;FHUMyE;Psicología;FCOM;FCEE
Universidad Finis Terrae,Chile,http://www.finisterrae.cl/,Convenio académico entre la Universidad de Montevideo y Universidad Finis Terrae (Chile). Facultades UM habilitadas: no especificadas.,FIUM;FDER;FHUMyE;Psicología;FCOM;FCEE
The University of Hong Kong,China,http://www.hku.hk/,Estudiantes de la UM pueden realizar intercambio en The University of Hong Kong (China). Facultades: no especificadas.,FIUM;FDER;FHUMyE;Psicología;FCOM;FCEE
Corporacion Universitaria Minuto de Dios (UNIMINUTO),Colombia,http://www.uniminuto.edu/,Corporacion Universitaria Minuto de Dios (UNIMINUTO) (Colombia) – acuerdo de movilidad. Facultades UM aplicables: no especificadas.,FIUM;FDER;FHUMyE;Psicología;FCOM;FCEE
Escuela de Ingenieria de Antioquia,Colombia,http://www.eia.edu.co/,Acuerdo bilateral con Escuela de Ingenieria de Antioquia – Colombia. Áreas UM admitidas: Ingeniería (FIUM).,FIUM
Pontificia Universidad Javeriana,Colombia,http://www.javeriana.edu.co/,Convenio internacional con Pontificia Universidad Javeriana. Facultades UM: no especificadas.,FIUM;FDER;FHUMyE;Psicología;FCOM;FCEE
Universidad de La Sabana,Colombia,http://www.unisabana.edu.co/,Universidad de La Sabana (Colombia) – acuerdo de movilidad. Facultades UM aplicables: no especificadas.,FIUM;FDER;FHUMyE;Psicología;FCOM;FCEE
Universidad de Medellin,Colombia,http://www.udem.edu.co/,Estudiantes de la UM pueden realizar intercambio en Universidad de Medellin (Colombia). Facultades: no especificadas.,FIUM;FDER;FHUMyE;Psicología;FCOM;FCEE
Catholic University of Korea,Corea del Sur,http://www.catholic.ac.kr/,Acuerdo bilateral con Catholic University of Korea – Corea del Sur. Áreas UM admitidas: no especificadas.,FIUM;FDER;FHUMyE;Psicología;FCOM;FCEE
Sveučilište u Zagrebu,Croacia,https://www.unizg.hr/,Convenio internacional con Sveučilište u Zagrebu. Facultades UM: no especificadas.,FIUM;FDER;FHUMyE;Psicología;FCOM;FCEE
Handelshøjskolen i København,Dinamarca,https://www.cbs.dk/,Programa de intercambio con Handelshøjskolen i København. Estudiantes de: no especificadas pueden postular.,FIUM;FDER;FHUMyE;Psicología;FCOM;FCEE
Pontificia Universidad Católica del Ecuador,Ecuador,http://www.puce.edu.ec/,Movilidad académica disponible en Pontificia Universidad Católica del Ecuador para no especificadas.,FIUM;FDER;FHUMyE;Psicología;FCOM;FCEE
Universidad de los Hemisferios,Ecuador,http://www.uhemisferios.edu.ec/,Intercambio con Universidad de los Hemisferios en Ecuador. Dirigido a: no especificadas.,FIUM;FDER;FHUMyE;Psicología;FCOM;FCEE
Univerza v Ljubljani,Eslovenia,http://www.uni-lj.si/,Convenio internacional con Univerza v Ljubljani. Facultades UM: no especificadas.,FIUM;FDER;FHUMyE;Psicología;FCOM;FCEE
Centro Universitario Villanueva,España,http://www.villanueva.edu/,Movilidad académica disponible en Centro Universitario Villanueva para no especificadas.,FIUM;FDER;FHUMyE;Psicología;FCOM;FCEE
EDEM Escuela de Empresarios,España,https://edem.eu/,Intercambio disponible en EDEM Escuela de Empresarios para estudiantes de no especificadas.,FIUM;FDER;FHUMyE;Psicología;FCOM;FCEE
Escola Superior de Comerç Internacional,España,https://www.esci.upf.edu/en,Acuerdo de intercambio entre la UM y Escola Superior de Comerç Internacional (España). Facultades admitidas: no especificadas.,FIUM;FDER;FHUMyE;Psicología;FCOM;FCEE
Universidad 'Alfonso X El Sabio',España,http://www.uax.es/,Universidad 'Alfonso X El Sabio' (España) – acuerdo de movilidad. Facultades UM aplicables: no especificadas.,FIUM;FDER;FHUMyE;Psicología;FCOM;FCEE
Universidad Católica San Antonio de Murcia,España,http://www.ucam.edu/,Convenio académico entre la Universidad de Montevideo y Universidad Católica San Antonio de Murcia (España). Facultades UM habilitadas: no especificadas.,FIUM;FDER;FHUMyE;Psicología;FCOM;FCEE
Universidad CEU San Pablo,España,http://www.uspceu.com/,Intercambio con Universidad CEU San Pablo en España. Dirigido a: no especificadas.,FIUM;FDER;FHUMyE;Psicología;FCOM;FCEE
Universidad de Alicante,España,http://www.ua.es/,Movilidad académica disponible en Universidad de Alicante para no especificadas.,FIUM;FDER;FHUMyE;Psicología;FCOM;FCEE
Universidad de Córdoba,España,http://www.uco.es/,Estudiantes de la UM pueden realizar intercambio en Universidad de Córdoba (España). Facultades: no especificadas.,FIUM;FDER;FHUMyE;Psicología;FCOM;FCEE
Universidad de Malaga,España,http://www.uma.es/,Acuerdo bilateral con Universidad de Malaga – España. Áreas UM admitidas: no especificadas.,FIUM;FDER;FHUMyE;Psicología;FCOM;FCEE
Universidad de Navarra,España,http://www.unav.es/,Convenio académico entre la Universidad de Montevideo y Universidad de Navarra (España). Facultades UM habilitadas: no especificadas.,FIUM;FDER;FHUMyE;Psicología;FCOM;FCEE
Universidad de Santiago de Compostela,España,http://www.usc.es/,Acuerdo de intercambio entre la UM y Universidad de Santiago de Compostela (España). Facultades admitidas: no especificadas.,FIUM;FDER;FHUMyE;Psicología;FCOM;FCEE
Universidad de Sevilla,España,http://www.us.es/,Estudiantes de la UM pueden realizar intercambio en Universidad de Sevilla (España). Facultades: no especificadas.,FIUM;FDER;FHUMyE;Psicología;FCOM;FCEE
Universidad de Vigo,España,http://www.uvigo.es/,Convenio académico entre la Universidad de Montevideo y Universidad de Vigo (España). Facultades UM habilitadas: no especificadas.,FIUM;FDER;FHUMyE;Psicología;FCOM;FCEE
Universidad del País Vasco / Euskal Herriko Unibertsitatea,España,http://www.ehu.es/,Convenio académico entre la Universidad de Montevideo y Universidad del País Vasco / Euskal Herriko Unibertsitatea (España). Facultades UM habilitadas: no especificadas.,FIUM;FDER;FHUMyE;Psicología;FCOM;FCEE
Universidad Francisco de Vitoria,España,http://www.ufv.es/,Intercambio con Universidad Francisco de Vitoria en España. Dirigido a: no especificadas.,FIUM;FDER;FHUMyE;Psicología;FCOM;FCEE
Universidad Miguel Hernandez de Elche,España,http://www.umh.es/,Intercambio disponible en Universidad Miguel Hernandez de Elche para estudiantes de no especificadas.,FIUM;FDER;FHUMyE;Psicología;FCOM;FCEE
Universidad Politécnica de Madrid,España,http://www.upm.es/,Programa de intercambio con Universidad Politécnica de Madrid. Estudiantes de: no especificadas pueden postular.,FIUM;FDER;FHUMyE;Psicología;FCOM;FCEE
Universidad Rey Juan Carlos,España,http://www.urjc.es/,Convenio académico entre la Universidad de Montevideo y Universidad Rey Juan Carlos (España). Facultades UM habilitadas: no especificadas.,FIUM;FDER;FHUMyE;Psicología;FCOM;FCEE
Universidade da Coruña,España,http://www.udc.es/,Acuerdo de intercambio entre la UM y Universidade da Coruña (España). Facultades admitidas: no especificadas.,FIUM;FDER;FHUMyE;Psicología;FCOM;FCEE
Universitat Internacional de Catalunya,España,https://www.uic.es/,Convenio académico entre la Universidad de Montevideo y Universitat Internacional de Catalunya (España). Facultades UM habilitadas: no especificadas.,FIUM;FDER;FHUMyE;Psicología;FCOM;FCEE
"California State University, Monterey Bay",Estados Unidos,http://csumb.edu/,"Movilidad académica disponible en California State University, Monterey Bay para no especificadas.",FIUM;FDER;FHUMyE;Psicología;FCOM;FCEE
Case Western Reserve University,Estados Unidos,http://www.case.edu/,Case Western Reserve University (Estados Unidos) – acuerdo de movilidad. Facultades UM aplicables: no especificadas.,FIUM;FDER;FHUMyE;Psicología;FCOM;FCEE
Drexel University,Estados Unidos,http://www.drexel.edu/,Acuerdo bilateral con Drexel University – Estados Unidos. Áreas UM admitidas: no especificadas.,FIUM;FDER;FHUMyE;Psicología;FCOM;FCEE
Florida State University,Estados Unidos,http://www.fsu.edu/,Florida State University (Estados Unidos) – acuerdo de movilidad. Facultades UM aplicables: no especificadas.,FIUM;FDER;FHUMyE;Psicología;FCOM;FCEE
Fordham University,Estados Unidos,http://www.fordham.edu/,Convenio internacional con Fordham University. Facultades UM: no especificadas.,FIUM;FDER;FHUMyE;Psicología;FCOM;FCEE
George Mason University,Estados Unidos,http://www.gmu.edu/,Estudiantes de la UM pueden realizar intercambio en George Mason University (Estados Unidos). Facultades: no especificadas.,FIUM;FDER;FHUMyE;Psicología;FCOM;FCEE
Northwestern University,Estados Unidos,http://www.northwestern.edu/,Intercambio con Northwestern University en Estados Unidos. Dirigido a: no especificadas.,FIUM;FDER;FHUMyE;Psicología;FCOM;FCEE
The Cooper Union for the Advancement of Science and Art,Estados Unidos,http://www.cooper.edu/,Intercambio con The Cooper Union for the Advancement of Science and Art en Estados Unidos. Dirigido a: no especificadas.,FIUM;FDER;FHUMyE;Psicología;FCOM;FCEE
"University of Minnesota, Twin Cities",Estados Unidos,http://www.umn.edu/,"Acuerdo bilateral con University of Minnesota, Twin Cities – Estados Unidos. Áreas UM admitidas: no especificadas.",FIUM;FDER;FHUMyE;Psicología;FCOM;FCEE
University of Missouri - St. Louis,Estados Unidos,http://www.umsl.edu/,Movilidad académica disponible en University of Missouri - St. Louis para no especificadas.,FIUM;FDER;FHUMyE;Psicología;FCOM;FCEE
University of Montana-Missoula,Estados Unidos,http://www.umt.edu/,Estudiantes de la UM pueden realizar intercambio en University of Montana-Missoula (Estados Unidos). Facultades: no especificadas.,FIUM;FDER;FHUMyE;Psicología;FCOM;FCEE
University of North Carolina at Chapel Hill,Estados Unidos,http://www.unc.edu/,University of North Carolina at Chapel Hill (Estados Unidos) – acuerdo de movilidad. Facultades UM aplicables: no especificadas.,FIUM;FDER;FHUMyE;Psicología;FCOM;FCEE
University of North Carolina at Greensboro,Estados Unidos,http://www.uncg.edu/,Acuerdo bilateral con University of North Carolina at Greensboro – Estados Unidos. Áreas UM admitidas: no especificadas.,FIUM;FDER;FHUMyE;Psicología;FCOM;FCEE
University of North Florida,Estados Unidos,http://www.unf.edu/,Convenio internacional con University of North Florida. Facultades UM: no especificadas.,FIUM;FDER;FHUMyE;Psicología;FCOM;FCEE
Utica College,Estados Unidos,http://www.utica.edu/,Programa de intercambio con Utica College. Estudiantes de: no especificadas pueden postular.,FIUM;FDER;FHUMyE;Psicología;FCOM;FCEE
Centria Ammattikorkeakoulu – Centria Yrkeshögskola,Finlandia,http://www.cop.fi/,Convenio académico entre la Universidad de Montevideo y Centria Ammattikorkeakoulu – Centria Yrkeshögskola (Finlandia). Facultades UM habilitadas: no especificadas.,FIUM;FDER;FHUMyE;Psicología;FCOM;FCEE
Hanken Svenska Handelshögskolan,Finlandia,http://www.hanken.fi/,Movilidad académica disponible en Hanken Svenska Handelshögskolan para no especificadas.,FIUM;FDER;FHUMyE;Psicología;FCOM;FCEE
Jyväskylän Yliopisto,Finlandia,http://www.jyu.fi/,Acuerdo bilateral con Jyväskylän Yliopisto – Finlandia. Áreas UM admitidas: no especificadas.,FIUM;FDER;FHUMyE;Psicología;FCOM;FCEE
Audencia Business School,Francia,http://www.audencia.com/,Intercambio disponible en Audencia Business School para estudiantes de FCEE (Economía/Gestión).,FCEE
Burgundy School of Business,Francia,https://www.bsb-education.com/en,"Convenio internacional con Burgundy School of Business. Facultades UM: Humanidades y Educación (FHUMyE), FCEE (Economía/Gestión).",FHUMyE;FCEE
De Vinci Higher Education,Francia,http://www.devinci.fr/,Programa de intercambio con De Vinci Higher Education. Estudiantes de: Humanidades y Educación (FHUMyE) pueden postular.,FHUMyE
EBS – European Business School – Paris,Francia,https://www.ebs-paris.fr/,Acuerdo bilateral con EBS – European Business School – Paris – Francia. Áreas UM admitidas: FCEE (Economía/Gestión).,FCEE
École d\'ingénieurs ESME Sudria,Francia,https://www.esme.fr/,Acuerdo bilateral con École d\'ingénieurs ESME Sudria – Francia. Áreas UM admitidas: no especificadas.,FIUM;FDER;FHUMyE;Psicología;FCOM;FCEE
Ecole de Management de Normandie,Francia,https://www.em-normandie.com/fr,Acuerdo bilateral con Ecole de Management de Normandie – Francia. Áreas UM admitidas: FCEE (Economía/Gestión).,FCEE
Emlyon Business School,Francia,https://montevideo.adv-pub.moveonca.com/report-page-1662/#,Emlyon Business School (Francia) – acuerdo de movilidad. Facultades UM aplicables: FCEE (Economía/Gestión).,FCEE
ESCP Europe,Francia,http://www.escpeurope.eu/,Estudiantes de la UM pueden realizar intercambio en ESCP Europe (Francia). Facultades: no especificadas.,FIUM;FDER;FHUMyE;Psicología;FCOM;FCEE
Grenoble Ecole de Management,Francia,http://www.grenoble-em.com/,Convenio académico entre la Universidad de Montevideo y Grenoble Ecole de Management (Francia). Facultades UM habilitadas: FCEE (Economía/Gestión).,FCEE
Grenoble INP - UGA,Francia,http://www.grenoble-inp.fr/,Convenio internacional con Grenoble INP - UGA. Facultades UM: no especificadas.,FIUM;FDER;FHUMyE;Psicología;FCOM;FCEE
Institut de Gestion Sociale Lyon,Francia,https://montevideo.adv-pub.moveonca.com/report-page-1662/#,Intercambio disponible en Institut de Gestion Sociale Lyon para estudiantes de no especificadas.,FIUM;FDER;FHUMyE;Psicología;FCOM;FCEE
Ipag Ecole Supérieure de Commerce,Francia,http://www.ipag.fr/,Convenio académico entre la Universidad de Montevideo y Ipag Ecole Supérieure de Commerce (Francia). Facultades UM habilitadas: FCEE (Economía/Gestión).,FCEE
Ircom École supérieure privée,Francia,https://montevideo.adv-pub.moveonca.com/report-page-1662/#,Acuerdo bilateral con Ircom École supérieure privée – Francia. Áreas UM admitidas: no especificadas.,FIUM;FDER;FHUMyE;Psicología;FCOM;FCEE
KEDGE Business School,Francia,http://www.kedgebs.com/fr,Movilidad académica disponible en KEDGE Business School para FCEE (Economía/Gestión).,FCEE
NEOMA Business School,Francia,http://www.neoma-bs.com/,NEOMA Business School (Francia) – acuerdo de movilidad. Facultades UM aplicables: FCEE (Economía/Gestión).,FCEE
Reseau GES,Francia,https://montevideo.adv-pub.moveonca.com/report-page-1662/#,Intercambio disponible en Reseau GES para estudiantes de no especificadas.,FIUM;FDER;FHUMyE;Psicología;FCOM;FCEE
Sciences Po - Institut d'Etudes Politiques de Lille,Francia,http://iep.univ-lille2.fr/,Intercambio disponible en Sciences Po - Institut d'Etudes Politiques de Lille para estudiantes de no especificadas.,FIUM;FDER;FHUMyE;Psicología;FCOM;FCEE
Skema Business School,Francia,http://www.skema.edu/,Intercambio con Skema Business School en Francia. Dirigido a: FCEE (Economía/Gestión).,FCEE
Université Catholique de Lille,Francia,http://www.univ-catholille.fr/,Movilidad académica disponible en Université Catholique de Lille para no especificadas.,FIUM;FDER;FHUMyE;Psicología;FCOM;FCEE
The American College of Greece,Grecia,https://montevideo.adv-pub.moveonca.com/report-page-1662/#,Movilidad académica disponible en The American College of Greece para no especificadas.,FIUM;FDER;FHUMyE;Psicología;FCOM;FCEE
Hong Kong Baptist University,Hong Kong,https://www.hkbu.edu.hk/,Intercambio disponible en Hong Kong Baptist University para estudiantes de no especificadas.,FIUM;FDER;FHUMyE;Psicología;FCOM;FCEE
Budapesti Gazdasági Egyetem (BGE),Hungría,https://uni-bge.hu/en,Convenio internacional con Budapesti Gazdasági Egyetem (BGE). Facultades UM: no especificadas.,FIUM;FDER;FHUMyE;Psicología;FCOM;FCEE
VIT University - Institute of Technology,India,http://www.vit.ac.in/,VIT University - Institute of Technology (India) – acuerdo de movilidad. Facultades UM aplicables: Ingeniería (FIUM).,FIUM
University College Dublin,Irlanda,http://www.ucd.ie/,Acuerdo de intercambio entre la UM y University College Dublin (Irlanda). Facultades admitidas: no especificadas.,FIUM;FDER;FHUMyE;Psicología;FCOM;FCEE
Reichman University,Israel,https://www.runi.ac.il/en/,Acuerdo de intercambio entre la UM y Reichman University (Israel). Facultades admitidas: no especificadas.,FIUM;FDER;FHUMyE;Psicología;FCOM;FCEE
Libera Università Internazionale degli Studi Sociali (LUISS) 'Guido Carli',Italia,http://www.luiss.it/,Convenio académico entre la Universidad de Montevideo y Libera Università Internazionale degli Studi Sociali (LUISS) 'Guido Carli' (Italia). Facultades UM habilitadas: no especificadas.,FIUM;FDER;FHUMyE;Psicología;FCOM;FCEE
Politecnico di Milano,Italia,http://www.polimi.it/,Politecnico di Milano (Italia) – acuerdo de movilidad. Facultades UM aplicables: no especificadas.,FIUM;FDER;FHUMyE;Psicología;FCOM;FCEE
Università Ca' Foscari Venezia,Italia,http://www.unive.it/,Estudiantes de la UM pueden realizar intercambio en Università Ca' Foscari Venezia (Italia). Facultades: no especificadas.,FIUM;FDER;FHUMyE;Psicología;FCOM;FCEE
Università Cattolica del Sacro Cuore,Italia,http://www.unicatt.it/,Convenio académico entre la Universidad de Montevideo y Università Cattolica del Sacro Cuore (Italia). Facultades UM habilitadas: no especificadas.,FIUM;FDER;FHUMyE;Psicología;FCOM;FCEE
Università degli Studi di Cagliari,Italia,http://www.unica.it/,Convenio académico entre la Universidad de Montevideo y Università degli Studi di Cagliari (Italia). Facultades UM habilitadas: no especificadas.,FIUM;FDER;FHUMyE;Psicología;FCOM;FCEE
Chuo University,Japón,http://www.chuo-u.ac.jp/,Intercambio con Chuo University en Japón. Dirigido a: no especificadas.,FIUM;FDER;FHUMyE;Psicología;FCOM;FCEE
VILNIUS TECH,Lituania,https://vilniustech.lt/,Intercambio disponible en VILNIUS TECH para estudiantes de Ingeniería (FIUM).,FIUM
Vytauto Didziojo Universitetas,Lituania,http://www.vdu.lt/,Acuerdo bilateral con Vytauto Didziojo Universitetas – Lituania. Áreas UM admitidas: no especificadas.,FIUM;FDER;FHUMyE;Psicología;FCOM;FCEE
Université du Luxembourg,Luxemburgo,http://www.uni.lu/,Acuerdo de intercambio entre la UM y Université du Luxembourg (Luxemburgo). Facultades admitidas: no especificadas.,FIUM;FDER;FHUMyE;Psicología;FCOM;FCEE
Universidad Autónoma de Baja California,México,http://www.uabc.mx/,Acuerdo de intercambio entre la UM y Universidad Autónoma de Baja California (México). Facultades admitidas: no especificadas.,FIUM;FDER;FHUMyE;Psicología;FCOM;FCEE
Universidad Intercontinental,México,http://www.uic.edu.mx/,Acuerdo de intercambio entre la UM y Universidad Intercontinental (México). Facultades admitidas: no especificadas.,FIUM;FDER;FHUMyE;Psicología;FCOM;FCEE
Universidad Nacional Autónoma de México,México,http://www.unam.edu.mx/,Convenio internacional con Universidad Nacional Autónoma de México. Facultades UM: no especificadas.,FIUM;FDER;FHUMyE;Psicología;FCOM;FCEE
Universidad Panamericana,México,http://www.up.edu.mx/,Intercambio disponible en Universidad Panamericana para estudiantes de no especificadas.,FIUM;FDER;FHUMyE;Psicología;FCOM;FCEE
BI Handelshøyskolen,Noruega,http://www.bi.no/,Acuerdo de intercambio entre la UM y BI Handelshøyskolen (Noruega). Facultades admitidas: no especificadas.,FIUM;FDER;FHUMyE;Psicología;FCOM;FCEE
Lincoln University,Nueva Zelanda,http://www.lincoln.ac.nz/,Intercambio con Lincoln University en Nueva Zelanda. Dirigido a: no especificadas.,FIUM;FDER;FHUMyE;Psicología;FCOM;FCEE
Victoria University of Wellington,Nueva Zelanda,http://www.vuw.ac.nz/,Intercambio con Victoria University of Wellington en Nueva Zelanda. Dirigido a: no especificadas.,FIUM;FDER;FHUMyE;Psicología;FCOM;FCEE
De Haagse Hogeschool,Países Bajos,http://www.hhs.nl/,Programa de intercambio con De Haagse Hogeschool. Estudiantes de: no especificadas pueden postular.,FIUM;FDER;FHUMyE;Psicología;FCOM;FCEE
Erasmus Universiteit Rotterdam,Países Bajos,http://www.eur.nl/,Convenio internacional con Erasmus Universiteit Rotterdam. Facultades UM: no especificadas.,FIUM;FDER;FHUMyE;Psicología;FCOM;FCEE
Fontys Hogescholen,Países Bajos,http://www.fontys.nl/,Convenio académico entre la Universidad de Montevideo y Fontys Hogescholen (Países Bajos). Facultades UM habilitadas: no especificadas.,FIUM;FDER;FHUMyE;Psicología;FCOM;FCEE
Nyenrode Business Universiteit,Países Bajos,http://www.nyenrode.nl/,Estudiantes de la UM pueden realizar intercambio en Nyenrode Business Universiteit (Países Bajos). Facultades: FCEE (Economía/Gestión).,FCEE
Radboud Universiteit Nijmegen,Países Bajos,http://www.ru.nl/,Programa de intercambio con Radboud Universiteit Nijmegen. Estudiantes de: no especificadas pueden postular.,FIUM;FDER;FHUMyE;Psicología;FCOM;FCEE
Rijksuniversiteit Groningen,Países Bajos,http://www.rug.nl/,Estudiantes de la UM pueden realizar intercambio en Rijksuniversiteit Groningen (Países Bajos). Facultades: no especificadas.,FIUM;FDER;FHUMyE;Psicología;FCOM;FCEE
Technische Universiteit Eindhoven,Países Bajos,http://www.tue.nl/,Estudiantes de la UM pueden realizar intercambio en Technische Universiteit Eindhoven (Países Bajos). Facultades: Ingeniería (FIUM).,FIUM
Tilburg University,Países Bajos,http://www.tilburguniversity.nl/,Intercambio con Tilburg University en Países Bajos. Dirigido a: no especificadas.,FIUM;FDER;FHUMyE;Psicología;FCOM;FCEE
Universiteit Leiden,Países Bajos,http://www.leidenuniv.nl/,Movilidad académica disponible en Universiteit Leiden para no especificadas.,FIUM;FDER;FHUMyE;Psicología;FCOM;FCEE
Windesheim,Países Bajos,http://www.windesheim.nl/,Convenio internacional con Windesheim. Facultades UM: no especificadas.,FIUM;FDER;FHUMyE;Psicología;FCOM;FCEE
Universidad Tecnológica de Panamá,Panamá,http://www.utp.ac.pa/,Estudiantes de la UM pueden realizar intercambio en Universidad Tecnológica de Panamá (Panamá). Facultades: no especificadas.,FIUM;FDER;FHUMyE;Psicología;FCOM;FCEE
Universidad Católica San Pablo,Perú,http://www.ucsp.edu.pe/,Universidad Católica San Pablo (Perú) – acuerdo de movilidad. Facultades UM aplicables: no especificadas.,FIUM;FDER;FHUMyE;Psicología;FCOM;FCEE
Universidad de Piura,Perú,http://www.udep.edu.pe/,Intercambio disponible en Universidad de Piura para estudiantes de no especificadas.,FIUM;FDER;FHUMyE;Psicología;FCOM;FCEE
Universidad del Pacífico,Perú,https://montevideo.adv-pub.moveonca.com/report-page-1662/#,Programa de intercambio con Universidad del Pacífico. Estudiantes de: no especificadas pueden postular.,FIUM;FDER;FHUMyE;Psicología;FCOM;FCEE
Szkoła Glowna Handlowa (SGH) w Warszawie,Polonia,http://www.sgh.waw.pl/,Estudiantes de la UM pueden realizar intercambio en Szkoła Glowna Handlowa (SGH) w Warszawie (Polonia). Facultades: no especificadas.,FIUM;FDER;FHUMyE;Psicología;FCOM;FCEE
Universidade Católica Portuguesa,Portugal,http://www.ucp.pt/,Intercambio disponible en Universidade Católica Portuguesa para estudiantes de no especificadas.,FIUM;FDER;FHUMyE;Psicología;FCOM;FCEE
Universidade de Coimbra,Portugal,http://www.uc.pt/,Convenio internacional con Universidade de Coimbra. Facultades UM: no especificadas.,FIUM;FDER;FHUMyE;Psicología;FCOM;FCEE
Universidade do Minho,Portugal,http://www.uminho.pt/,Programa de intercambio con Universidade do Minho. Estudiantes de: no especificadas pueden postular.,FIUM;FDER;FHUMyE;Psicología;FCOM;FCEE
Universidade Nova de Lisboa,Portugal,http://www.unl.pt/,Acuerdo bilateral con Universidade Nova de Lisboa – Portugal. Áreas UM admitidas: no especificadas.,FIUM;FDER;FHUMyE;Psicología;FCOM;FCEE
Heriot-Watt University,Reino Unido,http://www.hw.ac.uk/,Heriot-Watt University (Reino Unido) – acuerdo de movilidad. Facultades UM aplicables: no especificadas.,FIUM;FDER;FHUMyE;Psicología;FCOM;FCEE
Loughborough University,Reino Unido,http://www.lboro.ac.uk/,Intercambio con Loughborough University en Reino Unido. Dirigido a: no especificadas.,FIUM;FDER;FHUMyE;Psicología;FCOM;FCEE
Newcastle University,Reino Unido,http://www.ncl.ac.uk/,Movilidad académica disponible en Newcastle University para no especificadas.,FIUM;FDER;FHUMyE;Psicología;FCOM;FCEE
Richmond American University London,Reino Unido,https://www.richmond.ac.uk/,Acuerdo bilateral con Richmond American University London – Reino Unido. Áreas UM admitidas: no especificadas.,FIUM;FDER;FHUMyE;Psicología;FCOM;FCEE
University College London,Reino Unido,http://www.ucl.ac.uk/,Intercambio con University College London en Reino Unido. Dirigido a: no especificadas.,FIUM;FDER;FHUMyE;Psicología;FCOM;FCEE
University of Birmingham,Reino Unido,http://www.bham.ac.uk/,Acuerdo de intercambio entre la UM y University of Birmingham (Reino Unido). Facultades admitidas: no especificadas.,FIUM;FDER;FHUMyE;Psicología;FCOM;FCEE
University of Essex,Reino Unido,http://www.essex.ac.uk/,Convenio internacional con University of Essex. Facultades UM: no especificadas.,FIUM;FDER;FHUMyE;Psicología;FCOM;FCEE
University of Hertfordshire,Reino Unido,http://www.herts.ac.uk/,Movilidad académica disponible en University of Hertfordshire para no especificadas.,FIUM;FDER;FHUMyE;Psicología;FCOM;FCEE
University of Portsmouth,Reino Unido,http://www.port.ac.uk/,Convenio académico entre la Universidad de Montevideo y University of Portsmouth (Reino Unido). Facultades UM habilitadas: no especificadas.,FIUM;FDER;FHUMyE;Psicología;FCOM;FCEE
University of St Andrews,Reino Unido,http://www.st-andrews.ac.uk/,University of St Andrews (Reino Unido) – acuerdo de movilidad. Facultades UM aplicables: no especificadas.,FIUM;FDER;FHUMyE;Psicología;FCOM;FCEE
Anglo-americká vysoká škola,República Checa,http://www.aauni.edu/,Movilidad académica disponible en Anglo-americká vysoká škola para no especificadas.,FIUM;FDER;FHUMyE;Psicología;FCOM;FCEE
Univerzita Hradec Králové,República Checa,http://www.uhk.cz/,Acuerdo bilateral con Univerzita Hradec Králové – República Checa. Áreas UM admitidas: no especificadas.,FIUM;FDER;FHUMyE;Psicología;FCOM;FCEE
Universitatea 'Alexandru Ioan Cuza',Rumania,http://www.uaic.ro/,Convenio académico entre la Universidad de Montevideo y Universitatea 'Alexandru Ioan Cuza' (Rumania). Facultades UM habilitadas: Derecho (FDER).,FDER
Universitatea Tehnica 'Gheorghe Asachi' din Iași,Rumania,http://www.tuiasi.ro/,Programa de intercambio con Universitatea Tehnica 'Gheorghe Asachi' din Iași. Estudiantes de: no especificadas pueden postular.,FIUM;FDER;FHUMyE;Psicología;FCOM;FCEE
Saint-Petersburg State University,Rusia,http://www.spbu.ru/,Saint-Petersburg State University (Rusia) – acuerdo de movilidad. Facultades UM aplicables: no especificadas.,FIUM;FDER;FHUMyE;Psicología;FCOM;FCEE
FHNW Fachhochschule Nordwestschweiz,Suiza,http://www.fhnw.ch/,FHNW Fachhochschule Nordwestschweiz (Suiza) – acuerdo de movilidad. Facultades UM aplicables: no especificadas.,FIUM;FDER;FHUMyE;Psicología;FCOM;FCEE
Universität St. Gallen,Suiza,http://www.unisg.ch/,Convenio internacional con Universität St. Gallen. Facultades UM: no especificadas.,FIUM;FDER;FHUMyE;Psicología;FCOM;FCEE
Zürcher Hochschule für Angewandte Wissenschaften,Suiza,http://www.zhaw.ch/,Acuerdo de intercambio entre la UM y Zürcher Hochschule für Angewandte Wissenschaften (Suiza). Facultades admitidas: no especificadas.,FIUM;FDER;FHUMyE;Psicología;FCOM;FCEE
National Changhua University of Education,Taiwán,http://www.ncue.edu.tw/,Movilidad académica disponible en National Changhua University of Education para Humanidades y Educación (FHUMyE).,FHUMyE
Afyon Kocatepe Üniversitesi,Turquía,http://www.aku.edu.tr/,Convenio académico entre la Universidad de Montevideo y Afyon Kocatepe Üniversitesi (Turquía). Facultades UM habilitadas: no especificadas.,FIUM;FDER;FHUMyE;Psicología;FCOM;FCEE
HAKKARI UNIVERSITESI,Turquía,https://hakkari.edu.tr/,Convenio internacional con HAKKARI UNIVERSITESI. Facultades UM: no especificadas.,FIUM;FDER;FHUMyE;Psicología;FCOM;FCEE
Halic University,Turquía,http://www.halic.edu.tr/,Programa de intercambio con Halic University. Estudiantes de: no especificadas pueden postular.,FIUM;FDER;FHUMyE;Psicología;FCOM;FCEE
Kadir Has Universitesi,Turquía,http://www.khas.edu.tr/,Acuerdo de intercambio entre la UM y Kadir Has Universitesi (Turquía). Facultades admitidas: no especificadas.,FIUM;FDER;FHUMyE;Psicología;FCOM;FCEE
Koc University,Turquía,http://www.ku.edu.tr/,Convenio internacional con Koc University. Facultades UM: no especificadas.,FIUM;FDER;FHUMyE;Psicología;FCOM;FCEE
King Ceasor University,Uganda,https://kcu.ac.ug/,King Ceasor University (Uganda) – acuerdo de movilidad. Facultades UM aplicables: no especificadas.,FIUM;FDER;FHUMyE;Psicología;FCOM;FCEE